"","Age","trial.mm","AIC","AICc","conv"
"1","1.2",1,1560.77693301112,1565.52269572298,0
"2","1.2",2,1438.00992943433,1448.73366484289,0
"3","1.2",3,1443.85501248997,1462.69838598395,10
"4","1.2",4,1453.95838567167,1482.82795088906,0
"5","1.2",5,1469.44330831612,1509.98062174895,10
"6","1.2",6,1485.96733486202,1539.51996644097,10
