"","Age","trial.mm","AIC","AICc","conv"
"1","1.3",1,1424.91183045833,1430.1821007286,0
"2","1.3",2,1332.75816660497,1344.70232018263,0
"3","1.3",3,1325.2373601753,1346.32564846359,0
"4","1.3",4,1338.98314298769,1371.48128425163,10
"5","1.3",5,1343.70997480442,1389.64867212243,10
"6","1.3",6,1356.10536715467,1417.24935137557,10
