"","Age","trial.mm","AIC","AICc","conv"
"1","2.2",1,548.504088736762,550.738131289954,0
"2","2.2",2,541.775765548022,546.391150163407,0
"3","2.2",3,538.408576222187,545.753208990548,0
"4","2.2",4,546.593340675621,556.651144143829,10
"5","2.2",5,552.602975959466,565.02650537123,10
